<?xml version="1.0"?>
<Runs Version="1" Minor="0">
	<Run Id="Ay7_HW_axi_gpio_0_0_synth_1" LaunchDir="C:/Users/csier/OneDrive/Escritorio/Ay_2023_2/Ay_Boot/Ay7_HW.runs/Ay7_HW_axi_gpio_0_0_synth_1" FlowId="Vivado_Synthesis" FromStepId="vivado" ToStepId="vivado"/>
	<Run Id="Ay7_HW_auto_pc_0_synth_1" LaunchDir="C:/Users/csier/OneDrive/Escritorio/Ay_2023_2/Ay_Boot/Ay7_HW.runs/Ay7_HW_auto_pc_0_synth_1" FlowId="Vivado_Synthesis" FromStepId="vivado" ToStepId="vivado"/>
	<Run Id="Ay7_HW_rst_ps7_0_50M_0_synth_1" LaunchDir="C:/Users/csier/OneDrive/Escritorio/Ay_2023_2/Ay_Boot/Ay7_HW.runs/Ay7_HW_rst_ps7_0_50M_0_synth_1" FlowId="Vivado_Synthesis" FromStepId="vivado" ToStepId="vivado"/>
	<Run Id="synth_1" LaunchDir="C:/Users/csier/OneDrive/Escritorio/Ay_2023_2/Ay_Boot/Ay7_HW.runs/synth_1" FlowId="Vivado_Synthesis" FromStepId="vivado" ToStepId="vivado">
		<Parent Id="Ay7_HW_axi_gpio_0_0_synth_1"/>
		<Parent Id="Ay7_HW_auto_pc_0_synth_1"/>
		<Parent Id="Ay7_HW_rst_ps7_0_50M_0_synth_1"/>
	</Run>
	<Run Id="impl_1" LaunchDir="C:/Users/csier/OneDrive/Escritorio/Ay_2023_2/Ay_Boot/Ay7_HW.runs/impl_1" FlowId="Vivado_Implementation" FromStepId="init_design" ToStepId="write_bitstream">
		<Parent Id="synth_1"/>
		<Parent Id="Ay7_HW_axi_gpio_0_0_synth_1"/>
		<Parent Id="Ay7_HW_auto_pc_0_synth_1"/>
		<Parent Id="Ay7_HW_rst_ps7_0_50M_0_synth_1"/>
	</Run>
	<Parameters>
		<Parameter Name="runs.monitorLSFJobs" Val="true" Type="bool"/>
		<Parameter Name="runs.enableClusterConf" Val="true" Type="bool"/>
	</Parameters>
</Runs>

